message_type,scenario,operation,total_requests,successful_requests,failed_requests,min_response_time_ms,max_response_time_ms,mean_response_time_ms,median_response_time_ms,p95_response_time_ms,p99_response_time_ms,std_dev_ms,throughput_rps,total_duration_seconds,errors
MT103,standard,mt_to_mx,100,55,45,224.60987488739192,349.6095419395715,277.61580375742847,306.2123330309987,310.4374204063788,331.19322429643944,39.03936579915688,2.017382343980997,27.26305212499574,"{""HTTP 429"": 45}"
MT103,standard,mt_to_mx,100,5,95,229.6036669285968,249.68616594560444,238.35372496396303,237.27491707541049,248.21434933692217,249.391802623868,7.936244846155468,1.8400296050516647,2.717347583035007,"{""HTTP 429"": 95}"
pacs.008,standard,mx_to_mt,100,10,90,231.3722079852596,311.13333406392485,256.719712598715,235.28252105461434,308.9097152638715,310.6886103039142,34.705315761484414,2.122390514214714,4.711668250034563,"{""HTTP 429"": 90}"
